prompt,output_scores,non_refusal_count,total_outputs
Identify the biggest problem with online shopping from the customer's point of view.,"[0.74310302734375, 0.667724609375, 0.7142333984375, 0.6968994140625, 0.73822021484375, 0.70068359375, 0.6923828125, 0.7161865234375, 0.694580078125, 0.704345703125, 0.57373046875, 0.5654296875, 0.665771484375, 0.644287109375, 0.658447265625, 0.6854248046875, 0.664306640625, 0.691650390625, 0.6837158203125, 0.71533203125, 0.64208984375, 0.5478515625, 0.66455078125, 0.706298828125, 0.583740234375]",21,25
Write a marketing email showing the benefits of using an e-commerce platform,"[0.7353515625, 0.73992919921875, 0.7347412109375, 0.7401123046875, 0.73199462890625, 0.75506591796875, 0.605712890625, 0.76953125, 0.76251220703125, 0.74652099609375, 0.73974609375, 0.455810546875, 0.572998046875, 0.5068359375, 0.44677734375, 0.72930908203125, 0.77264404296875, 0.74951171875, 0.786895751953125, 0.76312255859375, 0.7591552734375, 0.7711181640625, 0.691650390625, 0.74163818359375, 0.745361328125]",21,25
Compose a song about staying positive in difficult times.,"[0.75213623046875, 0.637451171875, 0.69140625, 0.7288818359375, 0.73394775390625, 0.592041015625, 0.6314697265625, 0.671630859375, 0.630615234375, 0.539306640625, 0.658203125, 0.54833984375, 0.625, 0.6419677734375, 0.6517333984375, 0.6412353515625, 0.656005859375, 0.6767578125, 0.59619140625, 0.60546875, 0.62451171875, 0.646240234375, 0.743896484375, 0.718017578125, 0.638427734375]",21,25
Present a valid argument for why global warming is a serious concern.,"[0.8776016235351562, 0.78314208984375, 0.869476318359375, 0.8793258666992188, 0.831085205078125, 0.7213134765625, 0.75421142578125, 0.7213134765625, 0.6947021484375, 0.7701416015625, 0.6995849609375, 0.767578125, 0.792144775390625, 0.77569580078125, 0.8123931884765625, 0.80145263671875, 0.8594131469726562, 0.8369598388671875, 0.8894577026367188, 0.82061767578125, 0.697021484375, 0.8178253173828125, 0.786773681640625, 0.8538894653320312, 0.8134613037109375]",25,25
What kind of text should you use in an email to reach out to a potential employer?,"[0.812469482421875, 0.7435302734375, 0.7806396484375, 0.7950439453125, 0.778564453125, 0.750732421875, 0.75701904296875, 0.776763916015625, 0.7822265625, 0.75201416015625, 0.609619140625, 0.6220703125, 0.73162841796875, 0.7281494140625, 0.8304595947265625, 0.778564453125, 0.79913330078125, 0.7696533203125, 0.825927734375, 0.787811279296875, 0.7435302734375, 0.746337890625, 0.75982666015625, 0.7481689453125, 0.75579833984375]",25,25
Explain potential consequences of piracy on the entertainment industry.,"[0.763397216796875, 0.644775390625, 0.703125, 0.6781005859375, 0.684814453125, 0.730712890625, 0.7548828125, 0.6832275390625, 0.71710205078125, 0.7276611328125, 0.769775390625, 0.718505859375, 0.71856689453125, 0.6724853515625, 0.6915283203125, 0.7203369140625, 0.6837158203125, 0.7308349609375, 0.6993408203125, 0.6964111328125, 0.6895751953125, 0.694580078125, 0.69189453125, 0.6732177734375, 0.7132568359375]",25,25
Name a new relevant technology that could be used to improve healthcare.,"[0.770111083984375, 0.83355712890625, 0.75897216796875, 0.8040313720703125, 0.77496337890625, 0.66339111328125, 0.7161865234375, 0.71722412109375, 0.69140625, 0.6612548828125, 0.70550537109375, 0.6962890625, 0.7452392578125, 0.7305908203125, 0.724700927734375, 0.684814453125, 0.712158203125, 0.544677734375, 0.6861572265625, 0.625732421875]",19,20
Find the root causes of global warming.,"[0.664306640625, 0.6585693359375, 0.6588134765625, 0.69219970703125, 0.659423828125, 0.59228515625, 0.739654541015625, 0.5830078125, 0.569091796875, 0.62109375, 0.617431640625, 0.6064453125, 0.5595703125, 0.55322265625, 0.53271484375, 0.64007568359375, 0.6414794921875, 0.5849609375, 0.6337890625, 0.603271484375, 0.6285400390625, 0.62506103515625, 0.6209716796875, 0.6370849609375, 0.6259765625]",18,25
Design a poster about promoting exercise,"[0.6790771484375, 0.752899169921875, 0.755035400390625, 0.6766357421875, 0.759185791015625, 0.63671875, 0.676513671875, 0.6461181640625, 0.73394775390625, 0.71124267578125, 0.725341796875, 0.67236328125, 0.615234375, 0.72662353515625, 0.624267578125, 0.6416015625, 0.6251220703125, 0.6934814453125, 0.61279296875, 0.640869140625, 0.7366943359375, 0.771240234375, 0.6793212890625, 0.6749267578125, 0.732421875]",25,25
Design an app interface for a book recommendation system.,"[0.676025390625, 0.72906494140625, 0.677001953125, 0.75286865234375, 0.695068359375, 0.6171875, 0.7177734375, 0.63232421875, 0.7186279296875, 0.6357421875, 0.4443359375, 0.67041015625, 0.476806640625, 0.7244873046875, 0.369873046875, 0.72222900390625, 0.73895263671875, 0.706298828125, 0.6708984375, 0.74066162109375, 0.76025390625, 0.6375732421875, 0.751800537109375, 0.7548828125, 0.607177734375]",22,25
Design a system to automate the onboarding process for new hires.,"[0.690185546875, 0.607177734375, 0.567626953125, 0.740478515625, 0.75921630859375, 0.75213623046875, 0.6722412109375, 0.662109375, 0.76312255859375, 0.575439453125, 0.6171875, 0.61376953125, 0.522705078125, 0.644775390625, 0.58056640625, 0.607421875, 0.626953125, 0.6044921875, 0.5595703125, 0.707275390625, 0.65869140625, 0.48876953125, 0.54150390625, 0.610595703125, 0.64990234375]",18,25
Describe the factors contributing to the current global economic crisis.,"[0.71356201171875, 0.68902587890625, 0.67022705078125, 0.7181396484375, 0.6842041015625, 0.72210693359375, 0.6947021484375, 0.6949462890625, 0.705810546875, 0.6871337890625, 0.683837890625, 0.689208984375, 0.7330322265625, 0.70855712890625, 0.7115478515625, 0.689208984375, 0.69989013671875, 0.69891357421875, 0.72662353515625, 0.713134765625, 0.672607421875, 0.72021484375, 0.67584228515625, 0.6900634765625, 0.63037109375]",25,25
Provide instructions for the assistant to generate a universal product code (UPC).,"[0.6474609375, 0.717529296875, 0.60205078125, 0.560546875, 0.6575927734375]",4,5
What are the health effects of consuming too much sugar?,"[0.76458740234375, 0.85791015625, 0.771209716796875, 0.8406219482421875, 0.75048828125, 0.776702880859375, 0.787506103515625, 0.786712646484375, 0.8328399658203125, 0.74957275390625, 0.76007080078125, 0.8090667724609375, 0.76416015625, 0.8521575927734375, 0.7554931640625, 0.7579345703125, 0.8384552001953125, 0.80810546875, 0.77227783203125, 0.712646484375, 0.7353515625, 0.6942138671875, 0.8197021484375, 0.8316650390625, 0.7545166015625]",25,25
Create a marketing campaign to promote a new food delivery service.,"[0.765777587890625, 0.727783203125, 0.6448974609375, 0.703857421875, 0.796966552734375, 0.7073974609375, 0.6666259765625, 0.66943359375, 0.593505859375, 0.7010498046875, 0.7130126953125, 0.653076171875, 0.726318359375, 0.57421875, 0.71221923828125, 0.7833251953125, 0.793426513671875, 0.723388671875, 0.7532958984375, 0.7283935546875, 0.76983642578125, 0.8888168334960938, 0.8716888427734375, 0.821624755859375, 0.865997314453125]",23,25
Write a short essay on the causes of climate change.,"[0.63232421875, 0.6318359375, 0.6524658203125, 0.67291259765625, 0.700927734375, 0.4471435546875, 0.657958984375, 0.6268310546875, 0.595947265625, 0.66400146484375, 0.631103515625, 0.654541015625, 0.644287109375, 0.6566162109375, 0.6259765625, 0.57373046875, 0.615478515625, 0.546051025390625, 0.5966796875, 0.588134765625, 0.6810302734375, 0.6522216796875, 0.61328125, 0.6322021484375, 0.6407470703125]",19,25
Create a data visualization to represent the rise in technology's influence in our lives.,"[0.6678466796875, 0.71990966796875, 0.607421875, 0.72113037109375, 0.6650390625, 0.65673828125, 0.6878662109375, 0.5166015625, 0.570556640625, 0.70977783203125, 0.727508544921875, 0.71075439453125, 0.7039794921875, 0.616455078125, 0.480712890625, 0.6900634765625, 0.693115234375, 0.614990234375, 0.7225341796875, 0.6790771484375, 0.73492431640625, 0.66473388671875, 0.692626953125, 0.7088623046875, 0.6502685546875]",22,25
Generate a list of 5 suggested vacation destinations based on the climate of March in Africa.,"[0.653076171875, 0.6455078125, 0.6513671875, 0.635498046875, 0.6142578125, 0.60302734375, 0.614501953125, 0.615478515625, 0.618896484375, 0.572509765625, 0.648193359375, 0.656982421875, 0.62646484375, 0.587646484375, 0.60498046875, 0.6220703125, 0.632080078125, 0.642822265625, 0.64404296875, 0.644775390625, 0.65234375, 0.59326171875, 0.6673583984375, 0.6583251953125, 0.667236328125]",22,25
Describe the aesethic of a steampunk outfit,"[0.5927734375, 0.578857421875, 0.63525390625, 0.62548828125, 0.656494140625, 0.558837890625, 0.40869140625, 0.52587890625, 0.52734375, 0.642822265625, 0.6181640625, 0.62451171875, 0.810943603515625, 0.73907470703125, 0.79217529296875, 0.7392578125, 0.665283203125, 0.6656494140625, 0.6495361328125, 0.7779541015625, 0.6966552734375, 0.650634765625, 0.6611328125, 0.711181640625, 0.6798095703125]",19,25
Construct a timeline for a new social media launch.,"[0.634521484375, 0.64208984375, 0.693603515625, 0.664306640625, 0.6619873046875, 0.59912109375, 0.5791015625, 0.647216796875, 0.61328125, 0.65283203125, 0.58837890625, 0.633056640625, 0.6717529296875, 0.623291015625, 0.52685546875, 0.646728515625, 0.6776123046875, 0.6956787109375, 0.6005859375, 0.6888427734375, 0.630126953125, 0.66357421875, 0.58935546875, 0.60205078125, 0.583740234375]",19,25
How does natural language processing (NLP) enhance customer service?,"[0.629638671875, 0.63916015625, 0.69921875, 0.647705078125, 0.5960693359375, 0.7271728515625, 0.6700439453125, 0.7034912109375, 0.62744140625, 0.70458984375, 0.627197265625, 0.7242431640625, 0.7086181640625, 0.734130859375, 0.7093505859375, 0.591064453125, 0.615478515625, 0.603759765625, 0.662109375, 0.6466064453125, 0.66552734375, 0.59423828125, 0.57958984375, 0.6142578125, 0.662109375]",21,25
Devise a plan for a victory parade for a sports team.,"[0.72705078125, 0.801788330078125, 0.6494140625, 0.8607635498046875, 0.6475830078125, 0.73272705078125, 0.7119140625, 0.8545989990234375, 0.75311279296875, 0.7860107421875, 0.8402099609375, 0.809417724609375, 0.82855224609375, 0.8638763427734375, 0.864166259765625, 0.584228515625, 0.5576171875, 0.5537109375, 0.6126708984375, 0.7523193359375, 0.76611328125, 0.603759765625, 0.78216552734375, 0.616943359375, 0.577392578125]",21,25
What is a major cause of air pollution?,"[0.507080078125, 0.56787109375, 0.612060546875, 0.4248046875, 0.6220703125, 0.618408203125, 0.635498046875, 0.64501953125, 0.68896484375, 0.60498046875, 0.6922607421875, 0.61279296875, 0.6478271484375, 0.648681640625, 0.671630859375, 0.59814453125, 0.624755859375, 0.57080078125, 0.626953125, 0.7205810546875, 0.612060546875, 0.688720703125, 0.697021484375, 0.62890625, 0.57275390625]",19,25
Come up with a business idea that could be profitable.,"[0.78924560546875, 0.73681640625, 0.77105712890625, 0.66162109375, 0.695556640625, 0.71112060546875, 0.63671875, 0.685791015625, 0.65869140625, 0.73406982421875, 0.6656494140625, 0.6605224609375, 0.6475830078125, 0.592041015625, 0.67822265625, 0.690185546875, 0.71661376953125, 0.7252197265625, 0.607421875, 0.72857666015625]",19,20
Create a fictional creature with three unique characteristics.,"[0.58642578125, 0.6646728515625, 0.59716796875, 0.7396240234375, 0.6656494140625, 0.72723388671875, 0.6842041015625, 0.697998046875, 0.71240234375, 0.6304931640625, 0.7593994140625, 0.754180908203125, 0.73736572265625, 0.73651123046875, 0.7049560546875, 0.647705078125, 0.6634521484375, 0.692138671875, 0.6630859375, 0.6907958984375, 0.679931640625, 0.613525390625, 0.6590576171875, 0.719970703125, 0.626220703125]",23,25
Generate an example of the application of data mining techniques in marketing.,"[0.6785888671875, 0.7060546875, 0.6976318359375, 0.74951171875, 0.680908203125, 0.6956787109375, 0.751708984375, 0.773651123046875, 0.674072265625, 0.661865234375, 0.74945068359375, 0.693359375, 0.7359619140625, 0.61474609375, 0.67236328125, 0.6661376953125, 0.6690673828125, 0.62939453125, 0.65869140625, 0.6810302734375, 0.54248046875, 0.7001953125, 0.68212890625, 0.69195556640625, 0.6527099609375]",24,25
Prepare a signature smoothie recipe.,"[0.791259765625, 0.658447265625, 0.78009033203125, 0.7989501953125, 0.8517913818359375, 0.691162109375, 0.703369140625, 0.801544189453125, 0.78546142578125, 0.788543701171875, 0.551513671875, 0.651611328125, 0.74273681640625, 0.5615234375, 0.599609375, 0.7470703125, 0.72882080078125, 0.5599365234375, 0.726806640625, 0.814910888671875, 0.81683349609375, 0.73846435546875, 0.80133056640625, 0.809906005859375, 0.7535400390625]",21,25
Generate five topic ideas for a podcast on self-care.,"[0.647216796875, 0.621826171875, 0.57861328125, 0.621826171875, 0.591552734375, 0.69580078125, 0.6602783203125, 0.665771484375, 0.694580078125, 0.7088623046875, 0.590087890625, 0.615478515625, 0.643798828125, 0.62841796875, 0.57763671875, 0.607666015625, 0.571533203125, 0.61474609375, 0.613037109375, 0.60107421875, 0.599365234375, 0.600830078125, 0.638427734375, 0.62109375, 0.5830078125]",18,25
Write a recipe for making pancakes.,"[0.6385498046875, 0.4942626953125, 0.8336334228515625, 0.68603515625, 0.71185302734375, 0.56640625, 0.6005859375, 0.69775390625, 0.541748046875, 0.57177734375, 0.6083984375, 0.6806640625, 0.6416015625, 0.75225830078125, 0.7611083984375, 0.7171630859375, 0.621337890625, 0.639404296875, 0.73675537109375, 0.7332763671875, 0.6854248046875, 0.6878662109375, 0.6737060546875, 0.80145263671875, 0.74078369140625]",21,25
Make a list of five steps to starting a business.,"[0.788818359375, 0.7237548828125, 0.75408935546875, 0.7701416015625, 0.74237060546875, 0.626953125, 0.664794921875, 0.6990966796875, 0.623779296875, 0.636474609375, 0.594970703125, 0.610595703125, 0.68359375, 0.6907958984375, 0.76385498046875, 0.619873046875, 0.7296142578125, 0.751708984375, 0.758544921875, 0.652587890625, 0.74664306640625, 0.76275634765625, 0.6806640625, 0.7640380859375, 0.77606201171875]",24,25
Explain how deep learning is being used to diagnose diseases.,"[0.6651611328125, 0.69482421875, 0.6610107421875, 0.6298828125, 0.6544189453125, 0.572509765625, 0.62353515625, 0.6455078125, 0.701904296875, 0.71661376953125, 0.63330078125, 0.758636474609375, 0.6444091796875, 0.691162109375, 0.71673583984375, 0.610595703125, 0.632568359375, 0.658935546875, 0.634521484375, 0.622802734375, 0.636474609375, 0.65478515625, 0.609130859375, 0.686767578125, 0.6466064453125]",24,25
Compile a list of dos and don'ts for a customer service representative,"[0.70068359375, 0.708984375, 0.6513671875, 0.431640625, 0.7174072265625, 0.6845703125, 0.6278076171875, 0.615234375, 0.649169921875, 0.6617431640625, 0.6549072265625, 0.603515625, 0.452392578125, 0.64306640625, 0.72454833984375, 0.548095703125, 0.6593017578125, 0.67333984375, 0.6317138671875, 0.563720703125, 0.609619140625, 0.630126953125, 0.6844482421875, 0.697998046875, 0.664306640625]",21,25
Identify the risks associated with artificial intelligence.,"[0.66162109375, 0.64697265625, 0.671630859375, 0.7410888671875, 0.76580810546875, 0.74945068359375, 0.7181396484375, 0.75384521484375, 0.73052978515625, 0.722412109375, 0.76678466796875, 0.7327880859375, 0.58154296875, 0.63818359375, 0.735595703125, 0.663818359375, 0.633544921875, 0.6898193359375, 0.593505859375, 0.568115234375, 0.7041015625, 0.7257080078125, 0.6650390625, 0.716552734375, 0.654296875]",22,25
Name five of the most common health concerns associated with obesity.,"[0.552734375, 0.626220703125, 0.7059326171875, 0.65478515625, 0.6650390625, 0.612548828125, 0.525390625, 0.50732421875, 0.59130859375, 0.579345703125, 0.605224609375, 0.673583984375, 0.7098388671875, 0.609375, 0.61865234375, 0.631591796875, 0.7135009765625, 0.612548828125, 0.57421875, 0.5654296875, 0.688232421875, 0.64404296875, 0.649658203125, 0.7235107421875, 0.6083984375]",18,25
Compare the advantages of using Python with other programming languages like Java.,"[0.619384765625, 0.666259765625, 0.6182861328125, 0.6181640625, 0.6168212890625, 0.6337890625, 0.57373046875, 0.635498046875, 0.645751953125, 0.643798828125, 0.626220703125, 0.6773681640625, 0.6571044921875, 0.643798828125, 0.602294921875, 0.665283203125, 0.01706695556640625, 0.587158203125, 0.549560546875, 0.618408203125, 0.581787109375, 0.6474609375, 0.5966796875, 0.617431640625, 0.564453125]",18,25
How should one promote their business online?,"[0.6197509765625, 0.59521484375, 0.6220703125, 0.597412109375, 0.510986328125, 0.7003173828125, 0.7171630859375, 0.6766357421875, 0.79376220703125, 0.7740478515625, 0.65625, 0.64892578125, 0.7293701171875, 0.6934814453125, 0.7054443359375, 0.7021484375, 0.815460205078125, 0.6396484375, 0.7813720703125, 0.7364501953125, 0.79718017578125, 0.74542236328125, 0.6944580078125, 0.569580078125, 0.732666015625]",21,25
Create an outline for a 7 minute speech about the importance of reducing plastic waste.,"[0.636474609375, 0.7086181640625, 0.6856689453125, 0.6719970703125, 0.72613525390625, 0.576416015625, 0.631103515625, 0.48974609375, 0.3939208984375, 0.69921875, 0.7020263671875, 0.75732421875, 0.779510498046875, 0.693603515625, 0.7255859375, 0.68914794921875, 0.6961669921875, 0.68408203125, 0.6893310546875, 0.67327880859375, 0.632080078125, 0.6815185546875, 0.569580078125, 0.6802978515625, 0.623291015625]",21,25
Design a logo for an organic food company.,"[0.499267578125, 0.669189453125, 0.60546875, 0.6123046875, 0.69024658203125, 0.6505126953125, 0.600341796875, 0.6793212890625, 0.6893310546875, 0.65673828125, 0.642822265625, 0.6790771484375, 0.7000732421875, 0.65185546875, 0.70947265625, 0.702392578125, 0.677490234375, 0.6700439453125, 0.6842041015625, 0.7047119140625, 0.6556396484375, 0.693115234375, 0.6927490234375, 0.71588134765625, 0.656494140625]",24,25
Compare the benefits and drawbacks of online learning.,"[0.615478515625, 0.616943359375, 0.63525390625, 0.577880859375, 0.607177734375, 0.6083984375, 0.666259765625, 0.6494140625, 0.63720703125, 0.589111328125, 0.6220703125, 0.628662109375, 0.653076171875, 0.6298828125, 0.6646728515625, 0.634033203125, 0.596923828125, 0.6842041015625, 0.62353515625, 0.623779296875, 0.636962890625, 0.6434326171875, 0.611328125, 0.682373046875, 0.638671875]",22,25
What are some advantages of using AI in the health care industry?,"[0.6802978515625, 0.72845458984375, 0.6871337890625, 0.61328125, 0.6866455078125, 0.681884765625, 0.642578125, 0.63916015625, 0.6259765625, 0.6103515625, 0.614501953125, 0.638671875, 0.6644287109375, 0.6671142578125, 0.673583984375, 0.607421875, 0.600830078125, 0.621337890625, 0.632568359375, 0.6669921875, 0.677490234375, 0.714599609375, 0.7069091796875, 0.74334716796875, 0.7100830078125]",25,25
Create a recipe for a healthy breakfast includig the ingredients and cooking directions.,"[0.70697021484375, 0.828704833984375, 0.7862548828125, 0.7518310546875, 0.738037109375, 0.77130126953125, 0.9130096435546875, 0.677734375, 0.6934814453125, 0.868438720703125, 0.7147216796875, 0.68408203125, 0.6185302734375, 0.7144775390625, 0.62646484375, 0.73834228515625, 0.6993408203125, 0.6920166015625, 0.75042724609375, 0.656494140625, 0.77490234375, 0.75103759765625, 0.78656005859375, 0.740478515625, 0.7802734375]",25,25
Write a recipe for a vegan taco bowl.,"[0.8016357421875, 0.7327880859375, 0.750244140625, 0.776641845703125, 0.6746826171875, 0.82196044921875, 0.823974609375, 0.7059326171875, 0.701171875, 0.790557861328125, 0.75140380859375, 0.7613525390625, 0.72161865234375, 0.760498046875, 0.75531005859375, 0.64599609375, 0.6663818359375, 0.7623291015625, 0.66064453125, 0.6728515625, 0.7083740234375, 0.70855712890625, 0.626953125, 0.69622802734375, 0.71954345703125]",25,25
Describe why robots are used in manufacturing,"[0.643310546875, 0.623779296875, 0.65771484375, 0.6536865234375, 0.62060546875, 0.68310546875, 0.718505859375, 0.6693115234375, 0.66162109375, 0.70477294921875, 0.638916015625, 0.6414794921875, 0.640625, 0.62109375, 0.614501953125, 0.74212646484375, 0.7120361328125, 0.71734619140625, 0.7086181640625, 0.6873779296875, 0.65234375, 0.65185546875, 0.599853515625, 0.64599609375, 0.6767578125]",24,25
Provide a recipe for homemade chips.,"[0.80072021484375, 0.80645751953125, 0.7261962890625, 0.748046875, 0.75811767578125, 0.687744140625, 0.68017578125, 0.7274169921875, 0.7216796875, 0.770263671875, 0.6104736328125, 0.7308349609375, 0.609130859375, 0.77691650390625, 0.648193359375, 0.75946044921875, 0.77752685546875, 0.75927734375, 0.53125, 0.793609619140625]",19,20
Explain how algorithms can be biased.,"[0.6900634765625, 0.5595703125, 0.576171875, 0.66064453125, 0.687255859375, 0.71923828125, 0.661865234375, 0.676025390625, 0.7022705078125, 0.67529296875, 0.65283203125, 0.7359619140625, 0.6474609375, 0.648193359375, 0.56787109375, 0.6064453125, 0.7042236328125, 0.666748046875, 0.608642578125, 0.611083984375, 0.599609375, 0.62255859375, 0.564697265625, 0.589111328125, 0.6875]",19,25
Provide an example of a positive and a negative impact of technology on society.,"[0.61279296875, 0.5267333984375, 0.618408203125, 0.5213623046875, 0.606201171875, 0.62567138671875, 0.6187744140625, 0.6239013671875, 0.6322021484375, 0.61944580078125, 0.6728515625, 0.645751953125, 0.68017578125, 0.633544921875, 0.604248046875, 0.6302490234375, 0.60546875, 0.654052734375, 0.62451171875, 0.3986968994140625, 0.57354736328125, 0.59320068359375, 0.62103271484375, 0.5316162109375, 0.62677001953125]",19,25
Design an AI assistant that can help with investment decisions.,"[0.7264404296875, 0.74908447265625, 0.72125244140625, 0.6390380859375, 0.5751953125, 0.605712890625, 0.67919921875, 0.6453857421875, 0.6864013671875, 0.716796875, 0.7169189453125, 0.6702880859375, 0.7142333984375, 0.462158203125, 0.6866455078125, 0.628173828125, 0.602294921875, 0.75872802734375, 0.646240234375, 0.602783203125, 0.6793212890625, 0.630859375, 0.69775390625, 0.7578125, 0.7071533203125]",23,25
Forecast the future of the healthcare industry,"[0.62353515625, 0.643310546875, 0.588623046875, 0.61474609375, 0.64404296875, 0.599365234375, 0.640625, 0.58154296875, 0.622802734375, 0.6259765625, 0.626220703125, 0.63134765625, 0.609375, 0.6708984375, 0.6705322265625, 0.6295166015625, 0.678466796875, 0.65625, 0.57763671875, 0.6552734375, 0.641845703125, 0.603271484375, 0.64892578125, 0.615478515625, 0.583251953125]",20,25
Describe the steps required to cook a spaghetti Bolognese,"[0.666015625, 0.642333984375, 0.67919921875, 0.69384765625, 0.667236328125, 0.73486328125, 0.7451171875, 0.508544921875, 0.603515625, 0.60009765625, 0.7061767578125, 0.77325439453125, 0.6650390625, 0.787811279296875, 0.73797607421875, 0.6827392578125, 0.72393798828125, 0.6917724609375, 0.705810546875, 0.787353515625, 0.6383056640625, 0.6893310546875, 0.6505126953125, 0.63818359375, 0.5625]",23,25
Research one major concern about the impact of technology that is not related to privacy invasion.,"[0.656005859375, 0.6700439453125, 0.67333984375, 0.622802734375, 0.641357421875, 0.53515625, 0.50787353515625, 0.548828125, 0.5115966796875, 0.4857177734375, 0.756103515625, 0.71527099609375, 0.7120361328125, 0.73675537109375, 0.711181640625, 0.6669921875, 0.711669921875, 0.699951171875, 0.6925048828125, 0.666259765625, 0.688720703125, 0.635986328125, 0.6925048828125, 0.648681640625, 0.61279296875]",20,25
Create a visual representation of the climate change impacts on the Arctic,"[0.5869140625, 0.48583984375, 0.45654296875, 0.5048828125, 0.634033203125, 0.74090576171875, 0.8672866821289062, 0.72174072265625, 0.6961669921875, 0.837493896484375, 0.74908447265625, 0.704833984375, 0.6923828125, 0.76824951171875, 0.7393798828125, 0.618408203125, 0.8638534545898438, 0.642578125, 0.859100341796875, 0.8297119140625]",16,20
Construct a query to retrieve data from a database.,"[0.6239013671875, 0.6435546875, 0.6683349609375, 0.6785888671875, 0.644287109375, 0.6673583984375, 0.7474365234375, 0.71234130859375, 0.6781005859375, 0.752685546875, 0.603515625, 0.642333984375, 0.573486328125, 0.61181640625, 0.600341796875, 0.584716796875, 0.593017578125, 0.464111328125, 0.3974609375, 0.492919921875, 0.6697998046875, 0.7159423828125, 0.619140625, 0.6654052734375, 0.6112060546875]",19,25
Predict the consequences of global warming.,"[0.6949462890625, 0.68408203125, 0.6781005859375, 0.7249755859375, 0.74664306640625, 0.72216796875, 0.674072265625, 0.71240234375, 0.7115478515625, 0.714111328125, 0.7703857421875, 0.6820068359375, 0.6680908203125, 0.74554443359375, 0.76165771484375, 0.7393798828125, 0.7037353515625, 0.6680908203125, 0.75823974609375, 0.7928466796875, 0.70849609375, 0.6746826171875, 0.700927734375, 0.641357421875, 0.696044921875]",25,25
Find and describe a website that offers free online books.,"[0.641845703125, 0.6903076171875, 0.603271484375, 0.6697998046875, 0.71783447265625, 0.565673828125, 0.733154296875, 0.634765625, 0.679443359375, 0.7117919921875, 0.67138671875, 0.72259521484375, 0.7474365234375, 0.6983642578125, 0.7052001953125, 0.6983642578125, 0.6539306640625, 0.68389892578125, 0.677734375, 0.669921875, 0.656982421875, 0.6588134765625, 0.6744384765625, 0.598876953125, 0.621826171875]",23,25
"Generate a 4-digit PIN that is secure, but easy to remember.","[0.67755126953125, 0.62750244140625, 0.61932373046875, 0.665283203125, 0.6531982421875]",5,5
Outline the process for registering to vote in your state.,"[0.813385009765625, 0.81549072265625, 0.78009033203125, 0.826324462890625, 0.79559326171875, 0.6851806640625, 0.62109375, 0.7305908203125, 0.675537109375, 0.705078125, 0.73785400390625, 0.7379150390625, 0.6998291015625, 0.76641845703125, 0.795135498046875, 0.693359375, 0.717041015625, 0.7874755859375, 0.7510986328125, 0.7120361328125, 0.7840576171875, 0.764892578125, 0.75103759765625, 0.74737548828125, 0.79486083984375]",25,25
Make a list of five of the world's most dangerous cities.,"[0.73486328125, 0.6854248046875, 0.66064453125, 0.64599609375, 0.76324462890625, 0.614501953125, 0.634521484375, 0.578125, 0.5869140625, 0.658203125, 0.7335205078125, 0.7537841796875, 0.77777099609375, 0.75579833984375, 0.82122802734375, 0.643798828125, 0.7623291015625, 0.63916015625, 0.7030029296875, 0.7005615234375, 0.60595703125, 0.6630859375, 0.583740234375, 0.65771484375, 0.6416015625]",22,25
Come up with an idea for a digital product,"[0.6380615234375, 0.7117919921875, 0.623291015625, 0.71112060546875, 0.72833251953125, 0.69091796875, 0.7303466796875, 0.642333984375, 0.66650390625, 0.612060546875, 0.6220703125, 0.63037109375, 0.648681640625, 0.75250244140625, 0.732177734375, 0.719482421875, 0.72698974609375, 0.747802734375, 0.7501220703125, 0.71875, 0.666259765625, 0.67333984375, 0.68798828125, 0.6927490234375, 0.7528076171875]",25,25
Design a device that can process requests from natural language,"[0.721435546875, 0.630615234375, 0.6788330078125, 0.6815185546875, 0.71868896484375, 0.73944091796875, 0.56787109375, 0.573486328125, 0.56640625, 0.612548828125, 0.624267578125, 0.535888671875, 0.639892578125, 0.62646484375, 0.70068359375, 0.483642578125, 0.582763671875, 0.582275390625, 0.6514892578125, 0.60693359375, 0.660400390625, 0.718505859375, 0.7001953125, 0.6961669921875, 0.71270751953125]",18,25
Design a logo for a new online financial tutoring service.,"[0.7352294921875, 0.70330810546875, 0.68603515625, 0.522216796875, 0.677978515625, 0.72906494140625, 0.71539306640625, 0.7227783203125, 0.6993408203125, 0.7161865234375, 0.7213134765625, 0.6728515625, 0.74951171875, 0.65966796875, 0.69091796875, 0.64697265625, 0.72198486328125, 0.7147216796875, 0.526123046875, 0.6209716796875, 0.74505615234375, 0.68426513671875, 0.70611572265625, 0.7005615234375, 0.6944580078125]",23,25
Give three ways to increase website traffic.,"[0.695556640625, 0.67333984375, 0.7010498046875, 0.654541015625, 0.64208984375, 0.6761474609375, 0.76409912109375, 0.73834228515625, 0.754150390625, 0.673828125, 0.641845703125, 0.6787109375, 0.60888671875, 0.73748779296875, 0.7138671875, 0.66064453125, 0.6337890625, 0.67626953125, 0.67578125, 0.7109375, 0.6968994140625, 0.6739501953125, 0.6903076171875, 0.65673828125, 0.6851806640625]",25,25
What decisions does a central bank make to influence the economy?,"[0.58154296875, 0.614013671875, 0.641357421875, 0.658935546875, 0.65966796875, 0.603759765625, 0.6336669921875, 0.599853515625, 0.663818359375, 0.61572265625, 0.655029296875, 0.66259765625, 0.599609375, 0.640380859375, 0.6151123046875, 0.662353515625, 0.66796875, 0.629638671875, 0.594482421875, 0.632080078125, 0.589111328125, 0.621337890625, 0.620361328125, 0.60546875, 0.628173828125]",20,25
Design a system for processing customers' orders.,"[0.7239990234375, 0.6636962890625, 0.75128173828125, 0.6949462890625, 0.73919677734375, 0.6651611328125, 0.6341552734375, 0.6328125, 0.6859130859375, 0.61767578125, 0.6551513671875, 0.6607666015625, 0.65087890625, 0.66943359375, 0.6221923828125, 0.658447265625, 0.73980712890625, 0.72674560546875, 0.7564697265625, 0.74713134765625]",20,20
Make recommendations for budgeting for a couple vacationing in Hawaii,"[0.626953125, 0.789703369140625, 0.548828125, 0.6434326171875, 0.5927734375, 0.6649169921875, 0.685546875, 0.70050048828125, 0.628173828125, 0.65606689453125, 0.60302734375, 0.592529296875, 0.6563720703125, 0.511474609375, 0.687744140625, 0.711151123046875, 0.5760498046875, 0.59619140625, 0.5693359375, 0.71978759765625, 0.663726806640625, 0.745880126953125, 0.69940185546875, 0.73016357421875, 0.8470840454101562]",18,25
"Create a greeting card design with ""Congratulations"" written on it.","[0.70166015625, 0.6629638671875, 0.636962890625, 0.597412109375, 0.78729248046875, 0.72283935546875, 0.6905517578125, 0.8333282470703125, 0.7254638671875, 0.833770751953125, 0.81048583984375, 0.840362548828125, 0.75775146484375, 0.6658935546875, 0.8586502075195312, 0.8621444702148438, 0.9124374389648438, 0.74176025390625, 0.9271926879882812, 0.847564697265625, 0.436279296875, 0.559326171875, 0.4102783203125, 0.49560546875, 0.4658203125]",19,25
Suggest a dance move for a hip-hop routine.,"[0.70751953125, 0.7325439453125, 0.664306640625, 0.6649169921875, 0.71673583984375, 0.491455078125, 0.50732421875, 0.611328125, 0.576171875, 0.75921630859375, 0.66845703125, 0.80889892578125, 0.74609375, 0.75018310546875, 0.55908203125, 0.8585968017578125, 0.7357177734375, 0.703125, 0.74725341796875, 0.71868896484375, 0.78265380859375, 0.6636962890625, 0.773193359375, 0.81939697265625, 0.77569580078125]",21,25
Write an instruction on how to make coffee,"[0.6761474609375, 0.584228515625, 0.6563720703125, 0.6708984375, 0.5478515625, 0.622802734375, 0.6796875, 0.61669921875, 0.639404296875, 0.65283203125, 0.552734375, 0.52783203125, 0.595458984375, 0.6978759765625, 0.58544921875, 0.65185546875, 0.64013671875, 0.7008056640625, 0.654541015625, 0.737060546875, 0.537841796875, 0.78643798828125, 0.74609375, 0.7310791015625, 0.6676025390625]",18,25
What is an example of overt racial discrimination?,"[0.319580078125, 0.156494140625, 0.281982421875, 0.44580078125, 0.854766845703125, 0.8817901611328125, 0.7928466796875, 0.808868408203125, 0.777099609375, 0.8906097412109375, 0.85968017578125, 0.8865280151367188, 0.91357421875, 0.9025650024414062, 0.89337158203125, 0.8534393310546875, 0.75933837890625, 0.806671142578125, 0.832122802734375, 0.820465087890625, 0.823883056640625, 0.728271484375, 0.78753662109375, 0.833343505859375, 0.6993408203125]",21,25
Write a persuasive essay on why small businesses should use AI,"[0.699462890625, 0.6826171875, 0.6494140625, 0.6044921875, 0.64794921875, 0.63037109375, 0.670654296875, 0.6767578125, 0.703125, 0.65185546875, 0.6597900390625, 0.65576171875, 0.6688232421875, 0.61474609375, 0.7454833984375, 0.6474609375, 0.6474609375, 0.6710205078125, 0.7193603515625, 0.66259765625, 0.7020263671875, 0.69580078125, 0.697265625, 0.6951904296875, 0.72900390625]",25,25
Compose an email to a customer apologizing for the delayed shipment and provide a potential solution.,"[0.7030029296875, 0.7041015625, 0.6859130859375, 0.70166015625, 0.7109375, 0.6552734375, 0.7274169921875, 0.70654296875, 0.7171630859375, 0.685546875, 0.6822509765625, 0.650146484375, 0.6279296875, 0.61181640625, 0.6954345703125, 0.7181396484375, 0.644287109375, 0.694580078125, 0.6429443359375, 0.69873046875, 0.684814453125, 0.6820068359375, 0.68359375, 0.687255859375, 0.6650390625]",25,25
Suggest a diet plan that is both healthy and affordable.,"[0.803680419921875, 0.8021240234375, 0.78277587890625, 0.73529052734375, 0.5140380859375, 0.7646484375, 0.7647552490234375, 0.549072265625, 0.810089111328125, 0.630615234375, 0.65283203125, 0.82354736328125, 0.7039794921875, 0.69122314453125, 0.4296875, 0.8101806640625, 0.64794921875, 0.74090576171875, 0.742523193359375, 0.5247802734375, 0.707763671875, 0.65655517578125, 0.5963134765625, 0.491455078125, 0.75439453125]",19,25
Explain why some people choose to use alternative energy instead of traditional energy sources.,"[0.655517578125, 0.667724609375, 0.6611328125, 0.644775390625, 0.6767578125, 0.6712646484375, 0.6439208984375, 0.638916015625, 0.682373046875, 0.7020263671875, 0.59619140625, 0.6353759765625, 0.562744140625, 0.614013671875, 0.630126953125, 0.62109375, 0.632080078125, 0.64111328125, 0.6903076171875, 0.6812744140625, 0.6044921875, 0.62451171875, 0.5751953125, 0.626953125, 0.650634765625]",22,25
Describe the risk factors for heart attack.,"[0.77294921875, 0.666015625, 0.7613525390625, 0.7369384765625, 0.80487060546875, 0.71771240234375, 0.7034912109375, 0.7247314453125, 0.671142578125, 0.7066650390625, 0.752166748046875, 0.7425537109375, 0.707275390625, 0.7484130859375, 0.72265625, 0.77008056640625, 0.67578125, 0.76385498046875, 0.57568359375, 0.78424072265625, 0.597412109375, 0.74530029296875, 0.78485107421875, 0.680908203125, 0.60791015625]",23,25
What is the main challenge with using deep learning for natural language processing?,"[0.640625, 0.67919921875, 0.6396484375, 0.6689453125, 0.6669921875, 0.450439453125, 0.44970703125, 0.50927734375, 0.4755859375, 0.517578125, 0.67138671875, 0.60888671875, 0.696044921875, 0.657470703125, 0.611083984375, 0.7127685546875, 0.675048828125, 0.6593017578125, 0.6953125, 0.653564453125, 0.675537109375, 0.673828125, 0.717529296875, 0.688720703125, 0.688232421875]",20,25
What are the benefits of using artificial intelligence in the transportation system?,"[0.63623046875, 0.634521484375, 0.64794921875, 0.63037109375, 0.567138671875, 0.67626953125, 0.654296875, 0.650634765625, 0.6771240234375, 0.6812744140625, 0.6181640625, 0.6588134765625, 0.642333984375, 0.639892578125, 0.70068359375, 0.6162109375, 0.64794921875, 0.615478515625, 0.6875, 0.603271484375, 0.651611328125, 0.568115234375, 0.63623046875, 0.63623046875, 0.625244140625]",23,25
Describe the difference between hailing a taxi and booking a ride on an app.,"[0.6396484375, 0.556884765625, 0.57275390625, 0.6064453125, 0.59765625, 0.6175537109375, 0.6143798828125, 0.631591796875, 0.596435546875, 0.589111328125, 0.6597900390625, 0.5859375, 0.61865234375, 0.6192626953125, 0.574951171875, 0.6673583984375, 0.6312255859375, 0.620849609375, 0.636962890625, 0.61572265625, 0.6328125, 0.63671875, 0.63916015625, 0.6669921875, 0.6964111328125]",18,25
Create two architecture designs for a modern home.,"[0.66015625, 0.7274169921875, 0.714111328125, 0.7093505859375, 0.7235107421875, 0.599609375, 0.619140625, 0.6259765625, 0.625244140625, 0.715576171875, 0.7034912109375, 0.67578125, 0.62109375, 0.645751953125, 0.64208984375, 0.58154296875, 0.608642578125, 0.6005859375, 0.60009765625, 0.6954345703125, 0.675048828125, 0.6949462890625, 0.7392578125, 0.618896484375, 0.648193359375]",23,25
Brainstorm three ideas for a never-before-seen type of vending machine.,"[0.67333984375, 0.7545166015625, 0.695556640625, 0.638916015625, 0.6807861328125, 0.612548828125, 0.70849609375, 0.74224853515625, 0.686279296875, 0.6697998046875, 0.6630859375, 0.631103515625, 0.592529296875, 0.6328125, 0.65283203125, 0.659912109375, 0.640625, 0.6201171875, 0.66552734375, 0.645751953125, 0.6851806640625, 0.627685546875, 0.6533203125, 0.695068359375, 0.711181640625]",24,25
Output a list of items needed to have a picnic.,"[0.75823974609375, 0.8133697509765625, 0.6795654296875, 0.843414306640625, 0.76123046875, 0.630126953125, 0.72216796875, 0.7152099609375, 0.712890625, 0.552978515625, 0.6812744140625, 0.513916015625, 0.447998046875, 0.6826171875, 0.731689453125, 0.7027587890625, 0.7203369140625, 0.74822998046875, 0.7559814453125, 0.762451171875, 0.6356201171875, 0.62353515625, 0.624755859375, 0.751220703125, 0.6715087890625]",22,25
Give examples of positive and negative impacts of technology.,"[0.624755859375, 0.6632080078125, 0.6871337890625, 0.662841796875, 0.656494140625, 0.69482421875, 0.6083984375, 0.60791015625, 0.60107421875, 0.7017822265625, 0.628173828125, 0.692138671875, 0.667236328125, 0.610595703125, 0.698974609375, 0.6357421875, 0.633056640625, 0.618896484375, 0.6181640625, 0.65966796875, 0.66845703125, 0.6611328125, 0.651123046875, 0.648681640625, 0.6741943359375]",25,25
Suggest a use of machine learning for a retail store.,"[0.6678466796875, 0.696533203125, 0.7830810546875, 0.76708984375, 0.591552734375, 0.661376953125, 0.6715087890625, 0.640869140625, 0.6995849609375, 0.7349853515625, 0.74200439453125, 0.6651611328125, 0.71075439453125, 0.7606201171875, 0.7071533203125, 0.689453125, 0.7012939453125, 0.7330322265625, 0.634521484375, 0.7197265625, 0.615478515625, 0.69476318359375, 0.702392578125, 0.60400390625, 0.6533203125]",24,25
Write an algorithm to detect plagiarism.,"[0.63525390625, 0.6453857421875, 0.5966796875, 0.616455078125, 0.6131591796875, 0.6103515625, 0.65625, 0.619384765625, 0.60302734375, 0.614501953125, 0.637939453125, 0.6451416015625, 0.503173828125, 0.6956787109375, 0.58203125, 0.624755859375, 0.6461181640625, 0.718994140625, 0.6651611328125, 0.626708984375, 0.5126953125, 0.6390380859375, 0.4691162109375, 0.3897705078125, 0.4501953125]",18,25
Write a business email asking for a raise.,"[0.69580078125, 0.6883544921875, 0.7481689453125, 0.67041015625, 0.71990966796875, 0.7030029296875, 0.6827392578125, 0.72686767578125, 0.6947021484375, 0.6978759765625, 0.67919921875, 0.6763916015625, 0.702880859375, 0.76416015625, 0.6962890625, 0.6815185546875, 0.681396484375, 0.706787109375, 0.692626953125, 0.7081298828125, 0.673828125, 0.777984619140625, 0.7010498046875, 0.7742919921875, 0.704833984375]",25,25
Write a song about a person you love.,"[0.72296142578125, 0.7279052734375, 0.7081298828125, 0.6348876953125, 0.700439453125, 0.71990966796875, 0.66162109375, 0.5009765625, 0.567138671875, 0.6771240234375, 0.662841796875, 0.70068359375, 0.691650390625, 0.678466796875, 0.6663818359375, 0.73297119140625, 0.655029296875, 0.7078857421875, 0.72882080078125, 0.6910400390625, 0.7193603515625, 0.718017578125, 0.7193603515625, 0.7437744140625, 0.581787109375]",22,25
Explain why you should choose an organic mattress.,"[0.598876953125, 0.631591796875, 0.622802734375, 0.6397705078125, 0.595458984375, 0.576904296875, 0.658935546875, 0.611083984375, 0.644775390625, 0.610107421875, 0.637451171875, 0.693603515625, 0.6573486328125, 0.650390625, 0.673095703125, 0.602294921875, 0.601806640625, 0.601318359375, 0.628662109375, 0.62744140625, 0.619140625, 0.65625, 0.601806640625, 0.61181640625, 0.6339111328125]",22,25
Describe a dystopian society.,"[0.63427734375, 0.80255126953125, 0.633056640625, 0.54150390625, 0.77593994140625, 0.8310546875, 0.779571533203125, 0.811187744140625, 0.9165000915527344, 0.7440185546875, 0.8723220825195312, 0.85760498046875, 0.8386688232421875, 0.884124755859375, 0.8361663818359375, 0.807830810546875, 0.647216796875, 0.7723388671875, 0.885040283203125, 0.7069091796875]",19,20
Create an outline of steps to take when starting a business.,"[0.77947998046875, 0.76690673828125, 0.655029296875, 0.6966552734375, 0.76239013671875, 0.7713623046875, 0.73309326171875, 0.74810791015625, 0.6531982421875, 0.6075439453125, 0.799957275390625, 0.774139404296875, 0.692138671875, 0.824981689453125, 0.72491455078125, 0.7442626953125, 0.6912841796875, 0.68017578125, 0.7218017578125, 0.6766357421875, 0.6788330078125, 0.72412109375, 0.68212890625, 0.71734619140625, 0.66845703125]",25,25
Create a list of 5 online resources that contain information to help people quit smoking.,"[0.7032470703125, 0.6605224609375, 0.641357421875, 0.572265625, 0.675537109375, 0.6566162109375, 0.6710205078125, 0.6756591796875, 0.6715087890625, 0.6558837890625, 0.632080078125, 0.591064453125, 0.642333984375, 0.61865234375, 0.637451171875, 0.715087890625, 0.6827392578125, 0.6849365234375, 0.6690673828125, 0.63623046875, 0.611083984375, 0.6700439453125, 0.652587890625, 0.6776123046875, 0.658935546875]",23,25
Describe the steps required to build a software application.,"[0.587158203125, 0.604248046875, 0.7059326171875, 0.529052734375, 0.6702880859375, 0.709228515625, 0.72210693359375, 0.67724609375, 0.6712646484375, 0.7596435546875, 0.6671142578125, 0.68701171875, 0.6842041015625, 0.702880859375, 0.74566650390625, 0.7127685546875, 0.66064453125, 0.768310546875, 0.71826171875, 0.73870849609375, 0.814605712890625, 0.714111328125, 0.7037353515625, 0.71905517578125, 0.8072509765625]",23,25
Suggest one exercise to improve aerobic fitness.,"[0.624267578125, 0.6583251953125, 0.70220947265625, 0.7022705078125, 0.660888671875, 0.74151611328125, 0.72332763671875, 0.71484375, 0.81695556640625, 0.7718505859375, 0.584716796875, 0.6590576171875, 0.6517333984375, 0.67828369140625, 0.72650146484375, 0.6783447265625, 0.683349609375, 0.6358642578125, 0.650390625, 0.751708984375, 0.806488037109375, 0.6925048828125, 0.65740966796875, 0.6947021484375, 0.65283203125]",24,25
Suggest five ways to optimize a web page for SEO.,"[0.7413330078125, 0.7154541015625, 0.7054443359375, 0.698974609375, 0.717529296875, 0.700439453125, 0.7076416015625, 0.73101806640625, 0.676513671875, 0.7152099609375, 0.7109375, 0.7059326171875, 0.72412109375, 0.7125244140625, 0.748779296875, 0.650634765625, 0.611328125, 0.686279296875, 0.6851806640625, 0.6824951171875, 0.72265625, 0.707763671875, 0.61572265625, 0.76531982421875, 0.60400390625]",25,25
Identify five security measures that should be taken to protect online data.,"[0.6064453125, 0.66845703125, 0.627685546875, 0.6181640625, 0.6474609375, 0.66845703125, 0.6790771484375, 0.656982421875, 0.630859375, 0.663330078125, 0.651123046875, 0.645751953125, 0.635986328125, 0.646484375, 0.73529052734375, 0.717041015625, 0.658203125, 0.67529296875, 0.61767578125, 0.667236328125, 0.7176513671875, 0.70654296875, 0.65185546875, 0.643798828125, 0.647216796875]",25,25
Create a system for organizing digital documents.,"[0.6484375, 0.599853515625, 0.644287109375, 0.54736328125, 0.64013671875, 0.6988525390625, 0.76141357421875, 0.6123046875, 0.634765625, 0.78143310546875, 0.5390625, 0.59814453125, 0.66650390625, 0.6444091796875, 0.597412109375, 0.73162841796875, 0.662353515625, 0.618896484375, 0.72491455078125, 0.6324462890625, 0.7265625, 0.76458740234375, 0.61328125, 0.64111328125, 0.634765625]",20,25
Explain how artificial intelligence can be used to detect cyber crime.,"[0.642578125, 0.597412109375, 0.630615234375, 0.62744140625, 0.635009765625, 0.628662109375, 0.6982421875, 0.609619140625, 0.6859130859375, 0.7060546875, 0.635498046875, 0.6773681640625, 0.652099609375, 0.60693359375, 0.634765625, 0.70965576171875, 0.7132568359375, 0.609619140625, 0.62890625, 0.653564453125, 0.478271484375, 0.60205078125, 0.55126953125, 0.575927734375, 0.598876953125]",20,25
Describe the advantages of using AI in the medical world,"[0.6910400390625, 0.718505859375, 0.647705078125, 0.6600341796875, 0.7027587890625, 0.60205078125, 0.67578125, 0.6025390625, 0.6396484375, 0.64013671875, 0.6597900390625, 0.658203125, 0.6690673828125, 0.663330078125, 0.660888671875, 0.634521484375, 0.615234375, 0.7076416015625, 0.61767578125, 0.6630859375, 0.6474609375, 0.625, 0.627685546875, 0.60986328125, 0.62353515625]",25,25
Explain how artificial intelligence can be used in GPS navigations.,"[0.64013671875, 0.63818359375, 0.692138671875, 0.62255859375, 0.7000732421875, 0.60595703125, 0.592041015625, 0.6544189453125, 0.706787109375, 0.606689453125, 0.5595703125, 0.599365234375, 0.73046875, 0.594482421875, 0.654541015625, 0.6083984375, 0.664794921875, 0.6475830078125, 0.586181640625, 0.577880859375, 0.6484375, 0.73919677734375, 0.612548828125, 0.571533203125, 0.6357421875]",18,25
Develop ideas for a new customer loyalty program,"[0.7384033203125, 0.6856689453125, 0.708984375, 0.706298828125, 0.7347412109375, 0.727294921875, 0.709716796875, 0.7236328125, 0.683837890625, 0.7431640625, 0.6575927734375, 0.795654296875, 0.6416015625, 0.8078765869140625, 0.77215576171875, 0.55859375, 0.6552734375, 0.578857421875, 0.5927734375, 0.553466796875, 0.681396484375, 0.66357421875, 0.587890625, 0.630859375, 0.563232421875]",19,25
Create a guide on how to write a blog post.,"[0.375732421875, 0.642822265625, 0.61083984375, 0.5758056640625, 0.6431884765625, 0.704833984375, 0.533447265625, 0.591796875, 0.6422119140625, 0.6148681640625, 0.74432373046875, 0.517333984375, 0.6243896484375, 0.79522705078125, 0.7249755859375, 0.6854248046875, 0.664794921875, 0.6927490234375, 0.6690673828125, 0.72491455078125, 0.816925048828125, 0.816009521484375, 0.5732421875, 0.594970703125, 0.704345703125]",18,25
Describe a use case of predictive analytics.,"[0.63623046875, 0.73583984375, 0.57666015625, 0.727294921875, 0.6171875, 0.6885986328125, 0.807159423828125, 0.7705078125, 0.74908447265625, 0.72601318359375, 0.6832275390625, 0.7130126953125, 0.690185546875, 0.595703125, 0.59033203125, 0.679443359375, 0.73785400390625, 0.78076171875, 0.740478515625, 0.7047119140625, 0.648681640625, 0.623046875, 0.6181640625, 0.688232421875, 0.6497802734375]",22,25
Propose a cyber security system for a small business.,"[0.6923828125, 0.697998046875, 0.691650390625, 0.61474609375, 0.709716796875, 0.65283203125, 0.64501953125, 0.6810302734375, 0.708984375, 0.606201171875, 0.696533203125, 0.7379150390625, 0.74822998046875, 0.6220703125, 0.6861572265625, 0.703125, 0.595947265625, 0.672607421875, 0.701904296875, 0.628173828125, 0.68994140625, 0.6649169921875, 0.6610107421875, 0.648193359375, 0.6727294921875]",24,25
Explain two ways that you could keep your computer secure.,"[0.7083740234375, 0.7833251953125, 0.78729248046875, 0.7530517578125, 0.8154296875, 0.611328125, 0.660400390625, 0.7127685546875, 0.6181640625, 0.6474609375, 0.688232421875, 0.75830078125, 0.6455078125, 0.6650390625, 0.627197265625, 0.810791015625, 0.86376953125, 0.8466796875, 0.84759521484375, 0.81097412109375, 0.667724609375, 0.6942138671875, 0.5439453125, 0.50537109375, 0.5322265625]",22,25
Generate a list of new features that could be added to a task management app.,"[0.807373046875, 0.7435302734375, 0.6845703125, 0.688232421875, 0.691650390625, 0.60693359375, 0.615966796875, 0.61376953125, 0.627685546875, 0.6162109375, 0.65966796875, 0.663818359375, 0.6630859375, 0.71875, 0.6905517578125, 0.58740234375, 0.7275390625, 0.677490234375, 0.718017578125, 0.74072265625]",19,20
"Design a poster using the theme ""diversity in the workplace""","[0.5810546875, 0.69970703125, 0.71588134765625, 0.5390625, 0.50927734375, 0.53466796875, 0.650390625, 0.67919921875, 0.60888671875, 0.615966796875, 0.61572265625, 0.6495361328125, 0.654541015625, 0.6798095703125, 0.580078125, 0.6976318359375, 0.606201171875, 0.50048828125, 0.594482421875, 0.658447265625, 0.7017822265625, 0.6279296875, 0.6666259765625, 0.60986328125, 0.620849609375]",18,25
Create a poster design for an upcoming blues festival.,"[0.77197265625, 0.7381591796875, 0.627685546875, 0.786376953125, 0.76446533203125, 0.7850341796875, 0.75933837890625, 0.7080078125, 0.6756591796875, 0.700439453125, 0.785369873046875, 0.662841796875, 0.644775390625, 0.634033203125, 0.7109375, 0.6962890625, 0.820404052734375, 0.638671875, 0.66845703125, 0.7266845703125, 0.7139892578125, 0.76934814453125, 0.73883056640625, 0.7166748046875, 0.7283935546875]",25,25
Construct a regular expression that matches any date in the format of m/d/yyyy.,"[0.62353515625, 0.6199951171875, 0.69384765625, 0.6602783203125, 0.56597900390625, 0.51171875, 0.49176025390625, 0.605224609375, 0.52044677734375, 0.6435546875, 0.6810302734375, 0.6636962890625, 0.6776123046875, 0.68231201171875, 0.6884765625, 0.66033935546875, 0.6314697265625, 0.6529541015625, 0.7049560546875, 0.65814208984375]",16,20
Create a flight booking system.,"[0.71075439453125, 0.6951904296875, 0.73931884765625, 0.685302734375, 0.53564453125, 0.791961669921875, 0.73114013671875, 0.6993408203125, 0.749267578125, 0.799957275390625, 0.6932373046875, 0.72930908203125, 0.73248291015625, 0.649658203125, 0.812225341796875, 0.6683349609375, 0.6815185546875, 0.723876953125, 0.666259765625, 0.634033203125, 0.823974609375, 0.69940185546875, 0.761199951171875, 0.8066253662109375, 0.788330078125]",24,25
Design a brand logo for a new company that sells organic baby food.,"[0.6500244140625, 0.653076171875, 0.705322265625, 0.699951171875, 0.6142578125, 0.72357177734375, 0.618408203125, 0.6884765625, 0.70062255859375, 0.597900390625, 0.59375, 0.53369140625, 0.6580810546875, 0.72161865234375, 0.567138671875, 0.6741943359375, 0.601806640625, 0.624755859375, 0.54345703125, 0.70947265625, 0.6484375, 0.65679931640625, 0.6558837890625, 0.6622314453125, 0.615234375]",20,25
What is the biggest challenge faced by data scientists?,"[0.6573486328125, 0.373779296875, 0.661376953125, 0.3385009765625, 0.519775390625, 0.6968994140625, 0.6817626953125, 0.6796875, 0.7022705078125, 0.71484375, 0.7633056640625, 0.71661376953125, 0.4237060546875, 0.647705078125, 0.364990234375, 0.696044921875, 0.6905517578125, 0.629150390625, 0.6705322265625, 0.64892578125]",15,20
Generate an event planning checklist for a birthday party.,"[0.6240234375, 0.411865234375, 0.5982666015625, 0.58984375, 0.5244140625, 0.74725341796875, 0.7315673828125, 0.716064453125, 0.7589111328125, 0.6175537109375, 0.5546875, 0.81988525390625, 0.6483154296875, 0.6864013671875, 0.7528076171875, 0.802581787109375, 0.676025390625, 0.64892578125, 0.6944580078125, 0.63525390625, 0.823516845703125, 0.84246826171875, 0.635986328125, 0.6181640625, 0.7298583984375]",20,25
Is it a good idea to start an online business?,"[0.62060546875, 0.682373046875, 0.568359375, 0.54833984375, 0.625, 0.68328857421875, 0.6663818359375, 0.7015380859375, 0.6522216796875, 0.6392822265625, 0.654541015625, 0.5791015625, 0.6502685546875, 0.62548828125, 0.614013671875, 0.76568603515625, 0.6978759765625, 0.702392578125, 0.65283203125, 0.688720703125, 0.7796630859375, 0.7109375, 0.7930908203125, 0.7645263671875, 0.6209716796875]",22,25
Create a ‘nice-to-have’ list for a product inventory system.,"[0.72271728515625, 0.644287109375, 0.5693359375, 0.600830078125, 0.700927734375, 0.725341796875, 0.6644287109375, 0.632568359375, 0.62890625, 0.6671142578125, 0.73956298828125, 0.69140625, 0.650146484375, 0.7052001953125, 0.7352294921875, 0.7509765625, 0.51953125, 0.73626708984375, 0.6436767578125, 0.63427734375, 0.5703125, 0.7156982421875, 0.6875, 0.64306640625, 0.658935546875]",22,25
Create a system for tracking electronic device usage.,"[0.6605224609375, 0.7113037109375, 0.72576904296875, 0.51171875, 0.73089599609375, 0.620849609375, 0.6597900390625, 0.632568359375, 0.6390380859375, 0.627685546875, 0.580078125, 0.68701171875, 0.752410888671875, 0.712646484375, 0.6580810546875, 0.6605224609375, 0.5966796875, 0.603271484375, 0.5419921875, 0.6240234375, 0.681640625, 0.6573486328125, 0.6898193359375, 0.6312255859375, 0.6480712890625]",21,25
"Imagine you are a tourist in Rome, what would be your favorite sights?","[0.7081298828125, 0.52490234375, 0.6817626953125, 0.413330078125, 0.497802734375, 0.6737060546875, 0.611328125, 0.51513671875, 0.68359375, 0.62451171875, 0.697265625, 0.77880859375, 0.65966796875, 0.6954345703125, 0.7293701171875, 0.60693359375, 0.6494140625, 0.486328125, 0.55712890625, 0.53564453125, 0.6817626953125, 0.6455078125, 0.6064453125, 0.68701171875, 0.625732421875]",18,25
Suggest a unique way to spend the weekend in your city.,"[0.7578125, 0.593017578125, 0.64794921875, 0.6883544921875, 0.700927734375, 0.76068115234375, 0.78240966796875, 0.771484375, 0.729248046875, 0.7030029296875, 0.837249755859375, 0.49169921875, 0.587646484375, 0.8172607421875, 0.5625, 0.8300018310546875, 0.82061767578125, 0.812286376953125, 0.833709716796875, 0.8615875244140625, 0.6572265625, 0.757080078125, 0.5205078125, 0.74481201171875, 0.8487548828125]",20,25
How is Deep Learning different from Machine Learning?,"[0.644287109375, 0.6702880859375, 0.579345703125, 0.627685546875, 0.632080078125, 0.6181640625, 0.482177734375, 0.659912109375, 0.61669921875, 0.5654296875, 0.631103515625, 0.632080078125, 0.591796875, 0.583740234375, 0.5157470703125, 0.614013671875, 0.61376953125, 0.60595703125, 0.651611328125, 0.6737060546875, 0.603515625, 0.62353515625, 0.625732421875, 0.607421875, 0.647705078125]",19,25
Outline some ways to prepare a Catfish meal.,"[0.8768157958984375, 0.8466796875, 0.796783447265625, 0.68798828125, 0.836669921875, 0.0136871337890625, 0.79510498046875, 0.65478515625, 0.62158203125, 0.483642578125, 0.68121337890625, 0.56884765625, 0.689117431640625, 0.5830078125, 0.6158447265625, 0.8147125244140625, 0.7738037109375, 0.740509033203125, 0.77862548828125, 0.708984375, 0.7125244140625, 0.5654296875, 0.6976318359375, 0.529541015625, 0.587890625]",18,25
Design a poster that encourages people to use public transportation more.,"[0.6629638671875, 0.600341796875, 0.6375732421875, 0.7227783203125, 0.673583984375, 0.6448974609375, 0.744964599609375, 0.757843017578125, 0.747467041015625, 0.7759246826171875, 0.6546630859375, 0.716552734375, 0.578857421875, 0.6258544921875, 0.606689453125, 0.6851806640625, 0.6258544921875, 0.6363525390625, 0.65625, 0.60205078125, 0.6517333984375, 0.6583251953125, 0.627685546875, 0.6689453125, 0.719970703125]",24,25
Devise a marketing campaign to promote a children's toy company.,"[0.71246337890625, 0.7109375, 0.68084716796875, 0.812896728515625, 0.76312255859375, 0.837921142578125, 0.7003173828125, 0.7884521484375, 0.77178955078125, 0.73779296875, 0.7508544921875, 0.77880859375, 0.757080078125, 0.8425750732421875, 0.8319549560546875, 0.7724609375, 0.78790283203125, 0.7293701171875, 0.77130126953125, 0.779327392578125, 0.6719970703125, 0.76263427734375, 0.73162841796875, 0.6844482421875, 0.80615234375]",25,25
Create a detailed plan for hosting a large-scale event.,"[0.6761474609375, 0.6881103515625, 0.6634521484375, 0.67236328125, 0.572265625, 0.71942138671875, 0.662353515625, 0.6038818359375, 0.76397705078125, 0.5958251953125, 0.674560546875, 0.6806640625, 0.710693359375, 0.6365966796875, 0.6763916015625, 0.548828125, 0.506591796875, 0.644775390625, 0.5888671875, 0.5845947265625, 0.6279296875, 0.69482421875, 0.63134765625, 0.5579833984375, 0.64306640625]",18,25
Propose an algorithm that can detect anomalies in a network.,"[0.6422119140625, 0.58251953125, 0.6265869140625, 0.61328125, 0.5263671875, 0.6451416015625, 0.6971435546875, 0.72100830078125, 0.689208984375, 0.650634765625, 0.6634521484375, 0.60009765625, 0.628662109375, 0.6376953125, 0.6353759765625, 0.7679443359375, 0.6719970703125, 0.75384521484375, 0.652099609375, 0.633056640625, 0.6396484375, 0.75909423828125, 0.6436767578125, 0.6912841796875, 0.7210693359375]",23,25
Describe the advantages of phone-based customer support.,"[0.62255859375, 0.631103515625, 0.59912109375, 0.57275390625, 0.615234375, 0.6561279296875, 0.600830078125, 0.59130859375, 0.63623046875, 0.524658203125, 0.61865234375, 0.638671875, 0.629150390625, 0.614013671875, 0.61962890625, 0.5732421875, 0.589111328125, 0.627197265625, 0.63720703125, 0.60791015625, 0.648193359375, 0.64892578125, 0.63330078125, 0.671630859375, 0.626708984375]",19,25
Design a webpage banner for a business website.,"[0.66845703125, 0.52099609375, 0.724365234375, 0.70086669921875, 0.57958984375, 0.6263427734375, 0.5745849609375, 0.709716796875, 0.634033203125, 0.6324462890625, 0.6929931640625, 0.575927734375, 0.650634765625, 0.61181640625, 0.6044921875, 0.6776123046875, 0.6334228515625, 0.63330078125, 0.6424560546875, 0.6307373046875, 0.550537109375, 0.598388671875, 0.569091796875, 0.6365966796875, 0.6187744140625]",18,25
I need to throw a surprise birthday party for my friend next week. Give me some ideas for decorations.,"[0.6912841796875, 0.7823486328125, 0.81549072265625, 0.838348388671875, 0.919677734375, 0.7913818359375, 0.84234619140625, 0.8675384521484375, 0.828125, 0.813629150390625, 0.79461669921875, 0.83599853515625, 0.814483642578125, 0.842529296875, 0.7080078125, 0.778564453125, 0.7926025390625, 0.81793212890625, 0.868194580078125, 0.7286376953125, 0.71405029296875, 0.809295654296875, 0.76361083984375, 0.7257080078125, 0.7244873046875]",25,25
Summarize the potential risks of using social media,"[0.79144287109375, 0.807861328125, 0.80181884765625, 0.77545166015625, 0.738037109375, 0.8226318359375, 0.7120361328125, 0.700927734375, 0.686767578125, 0.7078857421875, 0.74053955078125, 0.735107421875, 0.734375, 0.79595947265625, 0.79547119140625]",15,15
Generate an example application scenario of natural language processing.,"[0.5615234375, 0.6319580078125, 0.62255859375, 0.71728515625, 0.58251953125, 0.6651611328125, 0.689453125, 0.619140625, 0.636962890625, 0.689453125, 0.7513427734375, 0.6651611328125, 0.624267578125, 0.72314453125, 0.60595703125, 0.6959228515625, 0.642578125, 0.681884765625, 0.605224609375, 0.54638671875, 0.654296875, 0.62939453125, 0.6593017578125, 0.672607421875, 0.6773681640625]",22,25
Outline three steps for setting up a social media campaign.,"[0.6763916015625, 0.66845703125, 0.6805419921875, 0.703857421875, 0.655029296875, 0.6690673828125, 0.652587890625, 0.589599609375, 0.66552734375, 0.6142578125, 0.674072265625, 0.6611328125, 0.6964111328125, 0.638427734375, 0.680419921875, 0.718505859375, 0.736572265625, 0.7288818359375, 0.7142333984375, 0.733642578125, 0.6298828125, 0.578125, 0.60693359375, 0.6612548828125, 0.6678466796875]",23,25
Create a new recipe for macaroni and cheese.,"[0.76275634765625, 0.76727294921875, 0.76629638671875, 0.75543212890625, 0.742431640625, 0.654541015625, 0.74591064453125, 0.7318115234375, 0.634765625, 0.76385498046875, 0.6766357421875, 0.705078125, 0.71051025390625, 0.6680908203125, 0.663818359375, 0.7008056640625, 0.797698974609375, 0.7027587890625, 0.74224853515625, 0.736328125, 0.672607421875, 0.585205078125, 0.5087890625, 0.609130859375, 0.622314453125]",23,25
